Scenario,Annual_Revenue,Monthly_Revenue,Total_Permits_5yr,Revenue_vs_Baseline
Current Pricing,6550780.0,545898.3333333334,48498.0,0.0
Moderate Dynamic Pricing,6876005.2,573000.4333333333,48496.875,4.964679015323359
Aggressive Pricing,7215754.239999999,601312.8533333333,46801.89,10.15106964361494
